Manufacturer,Name,Edge Type,Thickness (mm),Width (mm),Length (mm),Weight (kg/sqm),NRC,alpha w,Fire Rating,STC,Rw,,,,,,,,,,,,
GIB,Standard Plasterboard,TE/TE,10,1200,2400,7,,,,,,,,,,,,,,,,,TE/TE
GIB,Standard Plasterboard,TE/TE,10,1200,2700,7,,,,,,,,,,,,,,,,,TE/TE
GIB,Standard Plasterboard,TE/TE,10,1200,3000,7,,,,,,,,,,,,,,,,,TE/TE
GIB,Standard Plasterboard,TE/TE,10,1200,3300,7,,,,,,,,,,,,,,,,,TE/TE
GIB,Standard Plasterboard,TE/TE,10,1200,3600,7,,,,,,,,,,,,,,,,,TE/TE
GIB,Standard Plasterboard,TE/TE,10,1200,4200,7,,,,,,,,,,,,,,,,,TE/TE
GIB,Standard Plasterboard,TE/TE,10,1200,4800,7,,,,,,,,,,,,,,,,,TE/TE
GIB,Standard Plasterboard,TE/TE,10,1200,6000,7,,,,,,,,,,,,,,,,,TE/TE
GIB,Standard Plasterboard,TE/TE,13,1200,2400,9,,,,,,,,,,,,,,,,,TE/TE
GIB,Standard Plasterboard,TE/TE,13,1200,2700,9,,,,,,,,,,,,,,,,,TE/TE
GIB,Standard Plasterboard,TE/TE,13,1200,3000,9,,,,,,,,,,,,,,,,,TE/TE
GIB,Standard Plasterboard,TE/TE,13,1200,3300,9,,,,,,,,,,,,,,,,,TE/TE
GIB,Standard Plasterboard,TE/TE,13,1200,3600,9,,,,,,,,,,,,,,,,,TE/TE
GIB,Standard Plasterboard,TE/TE,13,1200,4200,9,,,,,,,,,,,,,,,,,TE/TE
GIB,Standard Plasterboard,TE/TE,13,1200,4800,9,,,,,,,,,,,,,,,,,TE/TE
GIB,Standard Plasterboard,TE/TE,13,1200,6000,9,,,,,,,,,,,,,,,,,TE/TE
GIB,Standard Plasterboard,TE/SE,10,1200,2400,7,,,,,,,,,,,,,,,,,TE/SE
GIB,Standard Plasterboard,TE/SE,10,1200,3000,7,,,,,,,,,,,,,,,,,TE/SE
GIB,Standard Plasterboard,TE/SE,10,1200,3600,7,,,,,,,,,,,,,,,,,TE/SE
GIB,Standard Plasterboard,TE/SE,10,1200,4200,7,,,,,,,,,,,,,,,,,TE/SE
GIB,Standard Plasterboard,TE/SE,10,1200,4800,7,,,,,,,,,,,,,,,,,TE/SE
GIB,Standard Plasterboard,TE/SE,10,1200,6000,7,,,,,,,,,,,,,,,,,TE/SE
GIB,Standard Plasterboard wideline,TE/SE,10,1350,3600,7,,,,,,,,,,,,,,,,,TE/SE
GIB,Standard Plasterboard wideline,TE/SE,10,1350,4800,7,,,,,,,,GIB,Noiseline,13,,,12.4,,,,TE/SE
GIB,Standard Plasterboard wideline,TE/SE,10,1350,6000,7,,,,,,,,GIB,Aqualine,13,,,10.2,,,,TE/SE
GIB,Standard Plasterboard wideline,TE/SE,13,1350,4800,9,,,,,,,,GIB,Fyreline,13,,,9.5,,,,TE/SE
GIB,Noiseline,TE/TE,10,1200,2400,9.3,,,,,,,,GIB,Fyreline,16,,,16.5,,,,TE/TE
GIB,Noiseline,TE/TE,10,1200,2700,9.3,,,,,,,,GIB,Ultraline,13,,,9.1,,,,TE/TE
GIB,Noiseline,TE/TE,10,1200,3000,9.3,,,,,,,,GIB,Quietline 10%,,,,8.3,,,,TE/TE
GIB,Noiseline,TE/TE,10,1200,3600,9.3,,,,,,,,GIB,Quietline 20%,,,,7.4,,,,TE/TE
GIB,Noiseline,TE/TE,10,1200,4800,9.3,,,,,,,,,,,,,,,,,TE/TE
GIB,Noiseline,TE/TE,13,1200,2400,12.5,,,,,,,,,,,,,,,,,TE/TE
GIB,Noiseline,TE/TE,13,1200,2700,12.5,,,,,,,,,,,,,,,,,TE/TE
GIB,Noiseline,TE/TE,13,1200,3000,12.5,,,,,,,,,,,,,,,,,TE/TE
GIB,Noiseline,TE/TE,13,1200,3600,12.5,,,,,,,,,,,,,,,,,TE/TE
GIB,Noiseline,TE/SE,10,1200,4800,9.3,,,,,,,,,,,,,,,,,TE/SE
GIB,Noiseline,TE/SE,10,1350,4800,9.3,,,,,,,,Lining,10mm Plasterboard,7,,,,,,,TE/SE
GIB,Aqualine,TE/TE,10,1200,2400,8,,,,,,,,Lining,13mm Plasterboard,8.9,,,,,,,TE/TE
GIB,Aqualine,TE/TE,10,1200,2700,8,,,,,,,,Lining,12mm MDF,8.5,,,,,,,TE/TE
GIB,Aqualine,TE/TE,10,1200,3000,8,,,,,,,,Lining,18mm MDF,12.6,,,,,,,TE/TE
GIB,Aqualine,TE/TE,10,1200,3600,8,,,,,,,,Lining,12mm Ply,6.7,,,,,,,TE/TE
GIB,Aqualine,TE/TE,13,1200,2400,11,,,,,,,,Lining,15mm Ply,8.5,,,,,,,TE/TE
GIB,Aqualine,TE/TE,13,1200,2700,11,,,,,,,,Lining,19mm Ply,10.5,,,,,,,TE/TE
GIB,Aqualine,TE/TE,13,1200,3000,11,,,,,,,,Lining,13mm GIB Noiseline,12.4,,,,,,,TE/TE
GIB,Aqualine,TE/TE,13,1200,3600,11,,,,,,,,Lining,13mm GIB Aqualine,10.2,,,,,,,TE/TE
GIB,Aqualine,TE/SE,10,1200,4800,8,,,,,,,,Lining,13mm GIB Fyreline,9.5,,,,,,,TE/SE
GIB,Aqualine,TE/SE,10,1350,3600,8,,,,,,,,Lining,16mm GIB Fyreline,16.5,,,,,,,TE/SE
GIB,Ultraline,TE/TE,10,1200,3600,7.5,,,,,,,,Lining,13mm GIB Ultraline,9.1,,,,,,,TE/TE
GIB,Ultraline,TE/TE,10,1200,4800,7.5,,,,,,,,Lining,2x 13mm Noiseline,24.8,,,,,,,TE/TE
GIB,Ultraline,TE/TE,10,1200,6000,7.5,,,,,,,,Lining,10% GIB Quietline,8.3,,,,,,,TE/TE
GIB,Ultraline,TE/TE,13,1200,3000,9.1,,,,,,,,Lining,20% GIB Quietline,7.4,,,,,,,TE/TE
GIB,Ultraline,TE/TE,13,1200,3600,9.1,,,,,,,,Lining,Boral Echstop,10,,,,,,,TE/TE
GIB,Ultraline,TE/TE,13,1200,4800,9.1,,,,,,,,Lining,Asona Stratopanel,10.5,,,,,,,TE/TE
GIB,Ultraline,TE/TE,13,1200,6000,9.1,,,,,,,,Lining,Manual Input,0,,,,,,,TE/TE
GIB,Fyreline,TE/TE,10,1200,2400,7,,,,,,,,,,,,,,,,,TE/TE
GIB,Fyreline,TE/TE,10,1200,2700,7,,,,,,,,,,,,,,,,,TE/TE
GIB,Fyreline,TE/TE,10,1200,3000,7,,,,,,,,,,,,,,,,,TE/TE
GIB,Fyreline,TE/TE,10,1200,3600,7,,,,,,,,,,,,,,,,,TE/TE
GIB,Fyreline,TE/TE,13,1200,2400,11,,,30/30/30,48,47,,,,,,,,,,,,TE/TE
GIB,Fyreline,TE/TE,13,1200,2700,11,,,30/30/30,48,47,,,,,,,,,,,,TE/TE
GIB,Fyreline,TE/TE,13,1200,3000,11,,,30/30/30,48,47,,,,,,,,,,,,TE/TE
GIB,Fyreline,TE/TE,13,1200,3300,11,,,30/30/30,48,47,,,,,,,,,,,,TE/TE
GIB,Fyreline,TE/TE,13,1200,3600,11,,,30/30/30,48,47,,,,,,,,,,,,TE/TE
GIB,Fyreline,TE/TE,26,1200,2400,22,,,60/60/60,53,52,,,,,,,,,,,,TE/TE
GIB,Fyreline,TE/TE,26,1200,2700,22,,,60/60/60,53,52,,,,,,,,,,,,TE/TE
GIB,Fyreline,TE/TE,26,1200,3000,22,,,60/60/60,53,52,,,,,,,,,,,,TE/TE
GIB,Fyreline,TE/TE,26,1200,3300,22,,,60/60/60,53,52,,,,,,,,,,,,TE/TE
GIB,Fyreline,TE/TE,26,1200,3600,22,,,60/60/60,53,52,,,,,,,,,,,,TE/TE
GIB,Fyreline,TE/TE,16,1200,2400,15.3,,,60/60/60,50,49,,,,,,,,,,,,TE/TE
GIB,Fyreline,TE/TE,16,1200,2700,15.3,,,60/60/60,50,49,,,,,,,,,,,,TE/TE
GIB,Fyreline,TE/TE,16,1200,3000,15.3,,,60/60/60,50,49,,,,,,,,,,,,TE/TE
GIB,Fyreline,TE/TE,19,1200,2400,16.9,,,,,,,,,,,,,,,,,TE/TE
GIB,Fyreline,TE/TE,19,1200,3000,16.9,,,,,,,,,,,,,,,,,TE/TE
GIB,Toughline,TE/TE,13,1200,2400,11.7,,,,,,,,,,,,,,,,,TE/TE
GIB,Toughline,TE/TE,13,1200,2700,11.7,,,,,,,,,,,,,,,,,TE/TE
GIB,Toughline,TE/TE,13,1200,3000,11.7,,,,,,,,,,,,,,,,,TE/TE
GIB,Toughline,TE/TE,13,1200,3600,11.7,,,,,,,,,,,,,,,,,TE/TE
GIB,Toughline Aqua,TE/TE,13,1200,2400,11.4,,,,,,,,,,,,,,,,,TE/TE
GIB,Toughline Aqua,TE/TE,13,1200,2700,11.4,,,,,,,,,,,,,,,,,TE/TE
GIB,Toughline Aqua,TE/TE,13,1200,3000,11.4,,,,,,,,,,,,,,,,,TE/TE
GIB,Barrierline,SE/SE,25,600,3000,20.2,,,,,,,,,,,,,,,,,SE/SE
GIB,X-Block,TE/TE,13,1200,2400,18.3,,,,,,,,,,,,,,,,,TE/TE
GIB,X-Block,TE/TE,13,1200,3000,18.3,,,,,,,,,,,,,,,,,TE/TE
GIB,Quietline,,13,1200,2400,8.3,,,,,,,,,,,,,,,,,
Asona,Knauf Danolife Stratopanel,,12.5,1200,2000,8.7,,,,,,,,,,,,,,,,,
Elephent ,Standard,TE/TE,13,1200,2400,8.9,,,,,,,,,,,,,,,,,TE/TE
Elephent ,Standard,TE/TE,13,1200,2700,8.9,,,,,,,,,,,,,,,,,TE/TE
Elephent ,Standard,TE/TE,13,1200,3000,8.9,,,,,,,,,,,,,,,,,TE/TE
Elephent ,Standard,TE/TE,13,1200,3300,8.9,,,,,,,,,,,,,,,,,TE/TE
Elephent ,Standard,TE/TE,13,1200,3600,8.9,,,,,,,,,,,,,,,,,TE/TE
Elephent ,Standard,TE/TE,13,1200,4200,8.9,,,,,,,,,,,,,,,,,TE/TE
Elephent ,Standard,TE/TE,13,1200,4800,8.9,,,,,,,,,,,,,,,,,TE/TE
Elephent ,Standard,TE/TE,13,1200,6000,8.9,,,,,,,,,,,,,,,,,TE/TE
Elephent ,Standard Plus,TE/TE,10,1200,2400,7.4,,,,,,,,,,,,,,,,,TE/TE
Elephent ,Standard Plus,TE/TE,10,1200,2700,7.4,,,,,,,,,,,,,,,,,TE/TE
Elephent ,Standard Plus,TE/TE,10,1200,3000,7.4,,,,,,,,,,,,,,,,,TE/TE
Elephent ,Standard Plus,TE/TE,10,1200,3300,7.4,,,,,,,,,,,,,,,,,TE/TE
Elephent ,Standard Plus,TE/TE,10,1200,3600,7.4,,,,,,,,,,,,,,,,,TE/TE
Elephent ,Standard Plus,TE/TE,10,1200,4200,7.4,,,,,,,,,,,,,,,,,TE/TE
Elephent ,Standard Plus,TE/TE,10,1200,4800,7.4,,,,,,,,,,,,,,,,,TE/TE
Elephent ,Standard Plus,TE/TE,10,1200,6000,7.4,,,,,,,,,,,,,,,,,TE/TE
Elephent ,Horizontal Standard Plus,TE/SE,10,1200,2400,7.4,,,,,,,,,,,,,,,,,TE/SE
Elephent ,Horizontal Standard Plus,TE/SE,10,1200,3000,7.4,,,,,,,,,,,,,,,,,TE/SE
Elephent ,Horizontal Standard Plus,TE/SE,10,1200,3600,7.4,,,,,,,,,,,,,,,,,TE/SE
Elephent ,Horizontal Standard Plus,TE/SE,10,1200,4200,7.4,,,,,,,,,,,,,,,,,TE/SE
Elephent ,Horizontal Standard Plus,TE/SE,10,1200,4800,7.4,,,,,,,,,,,,,,,,,TE/SE
Elephent ,Horizontal Standard Plus,TE/SE,10,1200,6000,7.4,,,,,,,,,,,,,,,,,TE/SE
Elephent ,Wide Horizontal Standard,TE/SE,10,1350,3600,7.4,,,,,,,,,,,,,,,,,TE/SE
Elephent ,Wide Horizontal Standard,TE/SE,10,1350,4800,7.4,,,,,,,,,,,,,,,,,TE/SE
Elephent ,Wide Horizontal Standard,TE/SE,10,1350,6000,7.4,,,,,,,,,,,,,,,,,TE/SE
Elephent ,Multismart,TE/TE,10,1200,2400,9,,,,,,,,,,,,,,,,,TE/TE
Elephent ,Multismart,TE/TE,10,1200,2700,9,,,,,,,,,,,,,,,,,TE/TE
Elephent ,Multismart,TE/TE,10,1200,3000,9,,,,,,,,,,,,,,,,,TE/TE
Elephent ,Multismart,TE/TE,10,1200,3600,9,,,,,,,,,,,,,,,,,TE/TE
Elephent ,Multismart,TE/TE,10,1200,4800,9,,,,,,,,,,,,,,,,,TE/TE
Elephent ,Horizontal MultiSmart,TE/SE,10,1200,4800,9,,,,,,,,,,,,,,,,,TE/SE
Elephent ,Multismart,TE/TE,13,1200,2400,11.8,,,,,,,,,,,,,,,,,TE/TE
Elephent ,Multismart,TE/TE,13,1200,2700,11.8,,,,,,,,,,,,,,,,,TE/TE
Elephent ,Multismart,TE/TE,13,1200,3000,11.8,,,,,,,,,,,,,,,,,TE/TE
Elephent ,Multismart,TE/TE,13,1200,3300,11.8,,,,,,,,,,,,,,,,,TE/TE
Elephent ,Multismart,TE/TE,13,1200,3600,11.8,,,,,,,,,,,,,,,,,TE/TE
Elephent ,Firesmart (Standard-Plus),TE/TE,10,1200,2400,7.4,,,,,,,,,,,,,,,,,TE/TE
Elephent ,Firesmart (Standard-Plus),TE/TE,10,1200,2700,7.4,,,,,,,,,,,,,,,,,TE/TE
Elephent ,Firesmart (Standard-Plus),TE/TE,10,1200,3000,7.4,,,,,,,,,,,,,,,,,TE/TE
Elephent ,Firesmart (Standard-Plus),TE/TE,10,1200,3300,7.4,,,,,,,,,,,,,,,,,TE/TE
Elephent ,Firesmart (Standard-Plus),TE/TE,10,1200,3600,7.4,,,,,,,,,,,,,,,,,TE/TE
Elephent ,Firesmart (Standard-Plus),TE/TE,10,1200,4200,7.4,,,,,,,,,,,,,,,,,TE/TE
Elephent ,Firesmart (Standard-Plus),TE/TE,10,1200,4800,7.4,,,,,,,,,,,,,,,,,TE/TE
Elephent ,Firesmart (Standard-Plus),TE/TE,10,1200,6000,7.4,,,,,,,,,,,,,,,,,TE/TE
Elephent ,Firesmart (Multismart),TE/TE,13,1200,2400,11.8,,,,,,,,,,,,,,,,,TE/TE
Elephent ,Firesmart (Multismart),TE/TE,13,1200,2700,11.8,,,,,,,,,,,,,,,,,TE/TE
Elephent ,Firesmart (Multismart),TE/TE,13,1200,3000,11.8,,,,,,,,,,,,,,,,,TE/TE
Elephent ,Firesmart (Multismart),TE/TE,13,1200,3300,11.8,,,,,,,,,,,,,,,,,TE/TE
Elephent ,Firesmart (Multismart),TE/TE,13,1200,3600,11.8,,,,,,,,,,,,,,,,,TE/TE
Elephent ,Firesmart,TE/TE,16,1200,3000,14.2,,,,,,,,,,,,,,,,,TE/TE
Elephent ,Firesmart,TE/TE,16,1200,3300,14.2,,,,,,,,,,,,,,,,,TE/TE
Elephent ,Firesmart,TE/TE,16,1200,3600,14.2,,,,,,,,,,,,,,,,,TE/TE
Elephent ,Aquasmart,TE/TE,10,1200,2400,8.4,,,,,,,,,,,,,,,,,TE/TE
Elephent ,Aquasmart,TE/TE,10,1200,2700,8.4,,,,,,,,,,,,,,,,,TE/TE
Elephent ,Aquasmart,TE/TE,10,1200,3000,8.4,,,,,,,,,,,,,,,,,TE/TE
Elephent ,Aquasmart,TE/TE,10,1200,3600,8.4,,,,,,,,,,,,,,,,,TE/TE
Elephent ,Horizontal Aquasmart,TE/SE,10,1200,2400,8.4,,,,,,,,,,,,,,,,,TE/SE
Elephent ,Horizontal Aquasmart,TE/SE,10,1200,4800,8.4,,,,,,,,,,,,,,,,,TE/SE
Elephent ,Aquasmart,TE/TE,13,1200,2400,11.5,,,,,,,,,,,,,,,,,TE/TE
Elephent ,Aquasmart,TE/TE,13,1200,2700,11.5,,,,,,,,,,,,,,,,,TE/TE
Elephent ,Aquasmart,TE/TE,13,1200,3000,11.5,,,,,,,,,,,,,,,,,TE/TE
Elephent ,Aquasmart,TE/TE,13,1200,3600,11.5,,,,,,,,,,,,,,,,,TE/TE
Boral,Echostop - 3mm Square Hole Perforated,,12.5,1200,2400,9.7,0.65,0.4,,,,,,,,,,,,,,,
Boral,Echostop - 6mm Square Hole Perforated,,12.5,1200,2400,9.7,0.65,0.4,,,,,,,,,,,,,,,
Boral,Echostop - 12mm Square Hole Perforated,,12.5,1200,2400,9,0.75,0.55,,,,,,,,,,,,,,,
Boral,Sheetrock standard,RE,13,1200,2700,7.2,,,,,,,,,,,,,,,,,
Boral,Sheetrock standard,RE,13,1200,3000,7.2,,,,,,,,,,,,,,,,,
Boral,Sheetrock standard,RE,13,1200,3600,7.2,,,,,,,,,,,,,,,,,
Boral,Sheetrock standard,RE,13,1200,4800,7.2,,,,,,,,,,,,,,,,,
Boral,Sheetrock standard,RE,13,1350,3600,7.2,,,,,,,,,,,,,,,,,
Boral,Sheetrock standard,RE,13,1350,4800,7.2,,,,,,,,,,,,,,,,,
Boral,Sheetrock standard,RE/SE,13,1350,4800,7.2,,,,,,,,,,,,,,,,,
Boral,Sheetrock Ceiling Board,RE,10,1200,2400,5.9,,,,,,,,,,,,,,,,,
Boral,Sheetrock Ceiling Board,RE,10,1200,2700,5.9,,,,,,,,,,,,,,,,,
Boral,Sheetrock Ceiling Board,RE,10,1200,3000,5.9,,,,,,,,,,,,,,,,,
Boral,Sheetrock Ceiling Board,RE,10,1200,3600,5.9,,,,,,,,,,,,,,,,,
Boral,Sheetrock Ceiling Board,RE,10,1200,4200,5.9,,,,,,,,,,,,,,,,,
Boral,Sheetrock Ceiling Board,RE,10,1200,4800,5.9,,,,,,,,,,,,,,,,,
Boral,Sheetrock Ceiling Board,RE,10,1200,6000,5.9,,,,,,,,,,,,,,,,,
Boral,Sheetrock Ceiling Board,RE,10,1350,3000,5.9,,,,,,,,,,,,,,,,,
Boral,Sheetrock Ceiling Board,RE,10,1350,3600,5.9,,,,,,,,,,,,,,,,,
Boral,Sheetrock Ceiling Board,RE,10,1350,4200,5.9,,,,,,,,,,,,,,,,,
Boral,Sheetrock Ceiling Board,RE,10,1350,4800,5.9,,,,,,,,,,,,,,,,,
Boral,Sheetrock Ceiling Board,RE,10,1350,6000,5.9,,,,,,,,,,,,,,,,,
Boral,Sheetrock Ceiling Board,RE/SE,10,1200,6000,5.9,,,,,,,,,,,,,,,,,
Boral,Sheetrock Ceiling Board,RE/SE,10,1350,6000,5.9,,,,,,,,,,,,,,,,,
Boral,Unispan,RE,10,1200,2400,7.2,,,,,,,,,,,,,,,,,
Boral,Unispan,RE,10,1200,2700,7.2,,,,,,,,,,,,,,,,,
Boral,Unispan,RE,10,1200,3000,7.2,,,,,,,,,,,,,,,,,
Boral,Unispan,RE,10,1200,3600,7.2,,,,,,,,,,,,,,,,,
Boral,Unispan,RE,10,1200,4200,7.2,,,,,,,,,,,,,,,,,
Boral,Unispan,RE,10,1200,4800,7.2,,,,,,,,,,,,,,,,,
Boral,Unispan,RE,10,1200,6000,7.2,,,,,,,,,,,,,,,,,
Boral,Unispan,RE,10,1350,3000,7.2,,,,,,,,,,,,,,,,,
Boral,Unispan,RE,10,1350,3600,7.2,,,,,,,,,,,,,,,,,
Boral,Unispan,RE,10,1350,4200,7.2,,,,,,,,,,,,,,,,,
Boral,Unispan,RE,10,1350,4800,7.2,,,,,,,,,,,,,,,,,
Boral,Unispan,RE,10,1350,6000,7.2,,,,,,,,,,,,,,,,,
Boral,Unispan,RE/SE,10,1200,6000,7.2,,,,,,,,,,,,,,,,,
Boral,Unispan,RE/SE,10,1350,6000,7.2,,,,,,,,,,,,,,,,,
Boral,Flexiboard,RE,6.5,1200,3600,4.1,,,,,,,,,,,,,,,,,
Boral,Soundstop,RE,10,1200,3600,9,,,,,,,,,,,,,,,,,
Boral,Soundstop,RE,10,1200,4800,9,,,,,,,,,,,,,,,,,
Boral,Soundstop,RE,10,1350,4800,9,,,,,,,,,,,,,,,,,
Boral,Soundstop,RE,13,1200,3000,11.8,,,,,,,,,,,,,,,,,
Boral,Soundstop,RE,13,1200,3600,11.8,,,,,,,,,,,,,,,,,
Boral,Soundstop,RE,13,1350,3600,11.8,,,,,,,,,,,,,,,,,
Boral,Standard,RE,10,1200,2400,6.8,,,,,,,,,,,,,,,,,
Boral,Standard,RE,10,1200,2700,6.8,,,,,,,,,,,,,,,,,
Boral,Standard,RE,10,1200,3000,6.8,,,,,,,,,,,,,,,,,
Boral,Standard,RE,10,1200,3600,6.8,,,,,,,,,,,,,,,,,
Boral,Standard,RE,10,1200,4200,6.8,,,,,,,,,,,,,,,,,
Boral,Standard,RE,10,1200,4800,6.8,,,,,,,,,,,,,,,,,
Boral,Standard,RE,10,1200,6000,6.8,,,,,,,,,,,,,,,,,
Boral,Standard,RE,10,1350,3000,6.8,,,,,,,,,,,,,,,,,
Boral,Standard,RE,10,1350,3600,6.8,,,,,,,,,,,,,,,,,
Boral,Standard,RE,10,1350,4200,6.8,,,,,,,,,,,,,,,,,
Boral,Standard,RE,10,1350,4800,6.8,,,,,,,,,,,,,,,,,
Boral,Standard,RE,10,1350,6000,6.8,,,,,,,,,,,,,,,,,
Boral,Standard,RE,13,900,2700,8.6,,,,,,,,,,,,,,,,,
Boral,Standard,RE,13,1200,3000,8.6,,,,,,,,,,,,,,,,,
Boral,Standard,RE,13,1200,3600,8.6,,,,,,,,,,,,,,,,,
Boral,Standard,RE,13,1200,4200,8.6,,,,,,,,,,,,,,,,,
Boral,Standard,RE,13,1200,4800,8.6,,,,,,,,,,,,,,,,,
Boral,Standard,RE,13,1200,6000,8.6,,,,,,,,,,,,,,,,,
Boral,Standard,RE,13,1350,3000,8.6,,,,,,,,,,,,,,,,,
Boral,Standard,RE,13,1350,3600,8.6,,,,,,,,,,,,,,,,,
Boral,Standard,RE,13,1350,4200,8.6,,,,,,,,,,,,,,,,,
Boral,Standard,RE,13,1350,4800,8.6,,,,,,,,,,,,,,,,,
Boral,Standard,SE,10,900,2100,6.8,,,,,,,,,,,,,,,,,
Boral,Standard,SE,10,900,2400,6.8,,,,,,,,,,,,,,,,,
Boral,Standard,SE,10,900,2700,6.8,,,,,,,,,,,,,,,,,
Boral,Standard,SE,10,1200,2100,6.8,,,,,,,,,,,,,,,,,
Boral,Standard,SE,10,1200,2400,6.8,,,,,,,,,,,,,,,,,
Boral,Standard,SE,10,1200,2700,6.8,,,,,,,,,,,,,,,,,
Boral,Standard,RE/SE,13,1375,3600,8.6,,,,,,,,,,,,,,,,,
Boral,Wetstop,RE,10,1200,2400,7.4,,,,,,,,,,,,,,,,,
Boral,Wetstop,RE,10,1200,2700,7.4,,,,,,,,,,,,,,,,,
Boral,Wetstop,RE,10,1200,3000,7.4,,,,,,,,,,,,,,,,,
Boral,Wetstop,RE,10,1200,3600,7.4,,,,,,,,,,,,,,,,,
Boral,Wetstop,RE,10,1200,4200,7.4,,,,,,,,,,,,,,,,,
Boral,Wetstop,RE,10,1200,6000,7.4,,,,,,,,,,,,,,,,,
Boral,Wetstop,RE,10,1350,3600,7.4,,,,,,,,,,,,,,,,,
Boral,Wetstop,RE,10,1350,5400,7.4,,,,,,,,,,,,,,,,,
Boral,Wetstop,RE,13,1200,2700,9.4,,,,,,,,,,,,,,,,,
Boral,Wetstop,RE,13,1200,3000,9.4,,,,,,,,,,,,,,,,,
Boral,Wetstop,RE,13,1200,3600,9.4,,,,,,,,,,,,,,,,,
Boral,Firerock,SE,10,1200,2700,9.5,,,,,,,,,,,,,,,,,
Boral,Firerock,SE,10,1200,3000,9.5,,,,,,,,,,,,,,,,,
Boral,Firerock,RE,13,1200,3000,12,,,,,,,,,,,,,,,,,
Boral,Firerock,RE,16,1200,3000,15,,,,,,,,,,,,,,,,,
Siniat,Mastashield,,10,1200,2400,6.3,,,,,,,,,,,,,,,,,
Siniat,Mastashield,,10,1200,2700,6.3,,,,,,,,,,,,,,,,,
Siniat,Mastashield,,10,1200,3000,6.3,,,,,,,,,,,,,,,,,
Siniat,Mastashield,,10,1200,3600,6.3,,,,,,,,,,,,,,,,,
Siniat,Mastashield,,10,1200,4200,6.3,,,,,,,,,,,,,,,,,
Siniat,Mastashield,,10,1200,4800,6.3,,,,,,,,,,,,,,,,,
Siniat,Mastashield,,10,1200,6000,6.3,,,,,,,,,,,,,,,,,
Siniat,Mastashield,,10,1275,6000,6.3,,,,,,,,,,,,,,,,,
Siniat,Mastashield,,10,1350,2400,6.3,,,,,,,,,,,,,,,,,
Siniat,Mastashield,,10,1350,2700,6.3,,,,,,,,,,,,,,,,,
Siniat,Mastashield,,10,1350,3000,6.3,,,,,,,,,,,,,,,,,
Siniat,Mastashield,,10,1350,3600,6.3,,,,,,,,,,,,,,,,,
Siniat,Mastashield,,10,1350,4200,6.3,,,,,,,,,,,,,,,,,
Siniat,Mastashield,,10,1350,4800,6.3,,,,,,,,,,,,,,,,,
Siniat,Mastashield,,10,1350,6000,6.3,,,,,,,,,,,,,,,,,
Siniat,Mastashield,,13,1200,2400,8.4,,,,,,,,,,,,,,,,,
Siniat,Mastashield,,13,1200,2700,8.4,,,,,,,,,,,,,,,,,
Siniat,Mastashield,,13,1200,3000,8.4,,,,,,,,,,,,,,,,,
Siniat,Mastashield,,13,1200,3600,8.4,,,,,,,,,,,,,,,,,
Siniat,Mastashield,,13,1200,4200,8.4,,,,,,,,,,,,,,,,,
Siniat,Mastashield,,13,1200,4800,8.4,,,,,,,,,,,,,,,,,
Siniat,Mastashield,,13,1200,6000,8.4,,,,,,,,,,,,,,,,,
Siniat,Mastashield,,13,1200,6000,8.4,,,,,,,,,,,,,,,,,
Siniat,Mastashield,,13,1350,3000,8.4,,,,,,,,,,,,,,,,,
Siniat,Mastashield,,13,1350,3600,8.4,,,,,,,,,,,,,,,,,
Siniat,Mastashield,,13,1350,4800,8.4,,,,,,,,,,,,,,,,,
Siniat,Spanshield,,10,900,3600,6.8,,,,,,,,,,,,,,,,,
Siniat,Spanshield,,10,900,4800,6.8,,,,,,,,,,,,,,,,,
Siniat,Spanshield,,10,900,6000,6.8,,,,,,,,,,,,,,,,,
Siniat,Spanshield,,10,1200,2400,6.8,,,,,,,,,,,,,,,,,
Siniat,Spanshield,,10,1200,2700,6.8,,,,,,,,,,,,,,,,,
Siniat,Spanshield,,10,1200,3000,6.8,,,,,,,,,,,,,,,,,
Siniat,Spanshield,,10,1200,3600,6.8,,,,,,,,,,,,,,,,,
Siniat,Spanshield,,10,1200,4200,6.8,,,,,,,,,,,,,,,,,
Siniat,Spanshield,,10,1200,4800,6.8,,,,,,,,,,,,,,,,,
Siniat,Spanshield,,10,1200,6000,6.8,,,,,,,,,,,,,,,,,
Siniat,Spanshield,,10,1350,2400,6.8,,,,,,,,,,,,,,,,,
Siniat,Spanshield,,10,1350,3000,6.8,,,,,,,,,,,,,,,,,
Siniat,Spanshield,,10,1350,3600,6.8,,,,,,,,,,,,,,,,,
Siniat,Spanshield,,10,1350,4200,6.8,,,,,,,,,,,,,,,,,
Siniat,Spanshield,,10,1350,4800,6.8,,,,,,,,,,,,,,,,,
Siniat,Spanshield,,10,1350,6000,6.8,,,,,,,,,,,,,,,,,
Siniat,watershield,,10,1200,2400,7.5,,,,,,,,,,,,,,,,,
Siniat,watershield,,10,1200,2700,7.5,,,,,,,,,,,,,,,,,
Siniat,watershield,,10,1200,3000,7.5,,,,,,,,,,,,,,,,,
Siniat,watershield,,10,1200,3600,7.5,,,,,,,,,,,,,,,,,
Siniat,watershield,,10,1200,4200,7.5,,,,,,,,,,,,,,,,,
Siniat,watershield,,10,1200,6000,7.5,,,,,,,,,,,,,,,,,
Siniat,watershield,,10,1350,3000,7.5,,,,,,,,,,,,,,,,,
Siniat,watershield,,10,1350,3600,7.5,,,,,,,,,,,,,,,,,
Siniat,watershield,,10,1350,4800,7.5,,,,,,,,,,,,,,,,,
Siniat,watershield,,10,1350,6000,7.5,,,,,,,,,,,,,,,,,
Siniat,watershield,,13,1200,2700,9.6,,,,,,,,,,,,,,,,,
Siniat,watershield,,13,1200,3000,9.6,,,,,,,,,,,,,,,,,
Siniat,watershield,,13,1200,3600,9.6,,,,,,,,,,,,,,,,,
Siniat,watershield,,13,1350,3000,9.6,,,,,,,,,,,,,,,,,
Siniat,soundshield,,10,1200,3600,8.4,,,,,,,,,,,,,,,,,
Siniat,soundshield,,10,1200,6000,8.4,,,,,,,,,,,,,,,,,
Siniat,soundshield,,10,1350,3600,8.4,,,,,,,,,,,,,,,,,
Siniat,soundshield,,10,1350,6000,8.4,,,,,,,,,,,,,,,,,
Siniat,soundshield,,13,1200,3000,12.3,,,,,,,,,,,,,,,,,
Siniat,fireshield,,13,1200,2700,10.5,,,,,,,,,,,,,,,,,
Siniat,fireshield,,13,1200,3000,10.5,,,,,,,,,,,,,,,,,
Siniat,fireshield,,13,1200,3600,10.5,,,,,,,,,,,,,,,,,
Siniat,fireshield,,13,1350,3000,10.5,,,,,,,,,,,,,,,,,
Siniat,fireshield,,13,1350,3600,10.5,,,,,,,,,,,,,,,,,
Siniat,fireshield,,16,1200,2400,13,,,,,,,,,,,,,,,,,
Siniat,fireshield,,16,1200,2700,13,,,,,,,,,,,,,,,,,
Siniat,fireshield,,16,1200,3000,13,,,,,,,,,,,,,,,,,
Siniat,fireshield,,16,1200,3600,13,,,,,,,,,,,,,,,,,
Siniat,fireshield,,16,1350,3000,13,,,,,,,,,,,,,,,,,
Siniat,fireshield,,16,1350,3600,13,,,,,,,,,,,,,,,,,
Siniat,curveshield,,6.5,1200,3600,4.6,,,,,,,,,,,,,,,,,
Siniat,shaftliner,,25,600,3000,21.9,,,,,,,,,,,,,,,,,
Siniat,shaftliner,,25,600,3600,21.9,,,,,,,,,,,,,,,,,
Siniat,intershield,,25,600,3000,21.9,,,,,,,,,,,,,,,,,
Siniat,intershield,,25,600,3600,21.9,,,,,,,,,,,,,,,,,
Siniat,opal,,10,1200,6000,8.4,,,,,,,,,,,,,,,,,
Siniat,opal,,10,1350,6000,8.4,,,,,,,,,,,,,,,,,
Siniat,multishield,,13,1200,3000,10.7,,,,,,,,,,,,,,,,,
Siniat,multishield,,13,1200,3600,10.7,,,,,,,,,,,,,,,,,
Siniat,multishield,,16,1200,3000,13,,,,,,,,,,,,,,,,,
Siniat,multishield,,16,1200,3600,13,,,,,,,,,,,,,,,,,
Siniat,multishield,,16,1350,3000,13,,,,,,,,,,,,,,,,,
Siniat,trurock,,13,1200,3000,12.3,,,,,,,,,,,,,,,,,
Siniat,trurock,,13,1200,3600,12.3,,,,,,,,,,,,,,,,,
Siniat,trurock,,13,1350,4200,12.3,,,,,,,,,,,,,,,,,
Siniat,trurock,,16,1200,3000,14.8,,,,,,,,,,,,,,,,,
Siniat,trurock hd,,13,1200,3000,12.3,,,,,,,,,,,,,,,,,
Siniat,trurock hd,,13,1200,3600,12.3,,,,,,,,,,,,,,,,,